{
  "M0 CNN Scratch": {
    "acc": 0.4165844027640671,
    "f1": 0.06645811033379355
  },
  "M1 ResNet Frozen": {
    "acc": 0.596248766041461,
    "f1": 0.29465220875268977
  },
  "M2 ResNet Finetune": {
    "acc": 0.6762092793682132,
    "f1": 0.37513081132948745
  },
  "M3 SE-ResNet MT": {
    "acc": 0.6712734452122409,
    "f1": 0.37309438877890344
  },
  "M4 SE-ResNet Aug": {
    "acc": 0.6821322803553801,
    "f1": 0.3826365553243939
  }
}